"2014/03/12 03:36:28","6364","0","444","6548m","328m","166.00","47394"
"2014/03/12 03:36:29","6364","0","444","6584m","553m","872.00","47168"
"2014/03/12 03:36:31","6364","0","444","6835m","852m","839.00","46869"
"2014/03/12 03:36:32","6364","0","444","7222m","1.3g","811.00","46406"
"2014/03/12 03:36:34","6364","0","444","7774m","1.8g","808.00","45905"
"2014/03/12 03:36:36","6364","0","444","8267m","2.3g","825.00","45360"
"2014/03/12 03:36:37","6364","0","444","8234m","2.3g","739.00","45353"
"2014/03/12 03:36:39","6364","0","444","8304m","2.3g","932.00","45345"
"2014/03/12 03:36:40","6364","0","444","8304m","2.3g","807.00","45341"
"2014/03/12 03:36:42","6364","0","444","8304m","2.3g","824.00","45341"
"2014/03/12 03:36:43","6364","0","444","8304m","2.3g","793.00","45341"
"2014/03/12 03:36:45","6364","0","444","8304m","2.3g","795.00","45342"
"2014/03/12 03:36:46","6364","0","444","8304m","2.3g","795.00","45339"
"2014/03/12 03:36:48","6364","0","444","8304m","2.3g","791.00","45340"
"2014/03/12 03:36:49","6364","0","444","8304m","2.3g","809.00","45340"
"2014/03/12 03:36:51","6364","0","444","8304m","2.3g","800.00","45341"
"2014/03/12 03:36:53","6364","0","444","8304m","2.3g","894.00","45327"
"2014/03/12 03:36:54","6364","0","444","8304m","2.3g","795.00","45328"
"2014/03/12 03:36:56","6364","0","444","8304m","2.3g","795.00","45328"
"2014/03/12 03:36:57","6364","0","444","8300m","2.3g","798.00","45342"
"2014/03/12 03:36:59","6364","0","444","8300m","2.3g","795.00","45342"
"2014/03/12 03:37:00","6364","0","444","8300m","2.3g","797.00","45343"
"2014/03/12 03:37:02","6364","0","444","8300m","2.3g","793.00","45343"
"2014/03/12 03:37:03","6364","0","444","8300m","2.3g","801.00","45347"
"2014/03/12 03:37:05","6364","0","444","8300m","2.3g","795.00","45347"
"2014/03/12 03:37:06","6364","0","444","8300m","2.3g","793.00","45347"
"2014/03/12 03:37:08","6364","0","444","8300m","2.3g","796.00","45347"
"2014/03/12 03:37:09","6364","0","444","8300m","2.3g","795.00","45346"
"2014/03/12 03:37:11","6364","0","444","8300m","2.3g","795.00","45347"
"2014/03/12 03:37:13","6364","0","444","8299m","2.3g","797.00","45349"
"2014/03/12 03:37:14","6364","0","444","8299m","2.3g","793.00","45348"
"2014/03/12 03:37:16","6364","0","444","8299m","2.3g","810.00","45347"
"2014/03/12 03:37:17","6364","0","444","8299m","2.3g","798.00","45347"
"2014/03/12 03:37:19","6364","0","444","8299m","2.3g","794.00","45348"
"2014/03/12 03:37:20","6364","0","444","8299m","2.3g","795.00","45348"
"2014/03/12 03:37:22","6364","0","444","8299m","2.3g","797.00","45348"
"2014/03/12 03:37:23","6364","0","444","8299m","2.3g","788.00","45348"
"2014/03/12 03:37:25","6364","0","444","8299m","2.3g","804.00","45348"
"2014/03/12 03:37:26","6364","0","444","8299m","2.3g","798.00","45347"
"2014/03/12 03:37:28","6364","0","444","8299m","2.3g","795.00","45348"
"2014/03/12 03:37:29","6364","0","444","8299m","2.3g","793.00","45347"
"2014/03/12 03:37:31","6364","0","444","8299m","2.3g","809.00","45348"
"2014/03/12 03:37:33","6364","0","444","8299m","2.3g","793.00","45347"
"2014/03/12 03:37:34","6364","0","444","8299m","2.3g","794.00","45347"
"2014/03/12 03:37:36","6364","0","444","8299m","2.3g","794.00","45347"
"2014/03/12 03:37:37","6364","0","444","8299m","2.3g","795.00","45347"
"2014/03/12 03:37:39","6364","0","444","8299m","2.3g","795.00","45346"
"2014/03/12 03:37:40","6364","0","444","8299m","2.3g","796.00","45348"
"2014/03/12 03:37:42","6364","0","444","8299m","2.3g","777.00","45347"
"2014/03/12 03:37:43","6364","0","444","8299m","2.3g","793.00","45347"
"2014/03/12 03:37:45","6364","0","444","8299m","2.3g","799.00","45346"
"2014/03/12 03:37:46","6364","0","444","8299m","2.3g","792.00","45346"
"2014/03/12 03:37:48","6364","0","444","8299m","2.3g","793.00","45348"
"2014/03/12 03:37:49","6364","0","444","8299m","2.3g","806.00","45346"
"2014/03/12 03:37:51","6364","0","444","8299m","2.3g","795.00","45347"
"2014/03/12 03:37:53","6364","0","444","8299m","2.3g","792.00","45347"
"2014/03/12 03:37:54","6364","0","444","8299m","2.3g","788.00","45347"
"2014/03/12 03:37:56","6364","0","444","8299m","2.3g","796.00","45346"
"2014/03/12 03:37:57","6364","0","444","8299m","2.3g","797.00","45346"
"2014/03/12 03:37:59","6364","0","444","8299m","2.3g","796.00","45346"
"2014/03/12 03:38:00","6364","0","444","8299m","2.3g","793.00","45345"
"2014/03/12 03:38:02","6364","0","444","8299m","2.3g","795.00","45345"
"2014/03/12 03:38:03","6364","0","444","8299m","2.3g","795.00","45342"
"2014/03/12 03:38:05","6364","0","444","8299m","2.3g","795.00","45344"
"2014/03/12 03:38:06","6364","0","444","8299m","2.3g","794.00","45344"
"2014/03/12 03:38:08","6364","0","444","8299m","2.3g","804.00","45344"
"2014/03/12 03:38:10","6364","0","444","8299m","2.3g","792.00","45342"
"2014/03/12 03:38:11","6364","0","444","8299m","2.3g","791.00","45344"
"2014/03/12 03:38:13","6364","0","444","8299m","2.3g","0.00","45344"
"2014/03/12 03:38:14","6364","0","444","8299m","2.3g","797.00","45340"
"2014/03/12 03:38:16","6364","0","444","8299m","2.3g","798.00","45340"
"2014/03/12 03:38:17","6364","0","444","8299m","2.3g","794.00","45339"
"2014/03/12 03:38:19","6364","0","444","8299m","2.3g","793.00","45340"
"2014/03/12 03:38:20","6364","0","444","8299m","2.3g","789.00","45340"
"2014/03/12 03:38:22","6364","0","444","8299m","2.3g","795.00","45341"
"2014/03/12 03:38:23","6364","0","444","8299m","2.3g","786.00","45340"
"2014/03/12 03:38:25","6364","0","444","8299m","2.3g","794.00","45341"
"2014/03/12 03:38:26","6364","0","444","8299m","2.3g","789.00","45341"
"2014/03/12 03:38:28","6364","0","444","8299m","2.3g","788.00","45342"
"2014/03/12 03:38:30","6364","0","444","8299m","2.3g","793.00","45340"
"2014/03/12 03:38:31","6364","0","444","8299m","2.3g","792.00","45340"
"2014/03/12 03:38:33","6364","0","444","8299m","2.3g","795.00","45340"
"2014/03/12 03:38:34","6364","0","444","8299m","2.3g","795.00","45339"
"2014/03/12 03:38:36","6364","0","444","8299m","2.3g","792.00","45339"
"2014/03/12 03:38:37","6364","0","444","8299m","2.3g","795.00","45338"
"2014/03/12 03:38:39","6364","0","444","8299m","2.3g","790.00","45338"
"2014/03/12 03:38:40","6364","0","444","8299m","2.3g","795.00","45338"
"2014/03/12 03:38:42","6364","0","444","8299m","2.3g","795.00","45338"
"2014/03/12 03:38:43","6364","0","444","8299m","2.3g","799.00","45338"
"2014/03/12 03:38:45","6364","0","444","8299m","2.3g","795.00","45338"
"2014/03/12 03:38:46","6364","0","444","8299m","2.3g","795.00","45338"
"2014/03/12 03:38:48","6364","0","444","8299m","2.3g","797.00","45338"
"2014/03/12 03:38:50","6364","0","444","8299m","2.3g","793.00","45338"
"2014/03/12 03:38:51","6364","0","444","8299m","2.3g","799.00","45339"
"2014/03/12 03:38:53","6364","0","444","8299m","2.3g","789.00","45338"
"2014/03/12 03:38:54","6364","0","444","8363m","2.3g","795.00","45337"
"2014/03/12 03:38:56","6364","0","444","8363m","2.3g","792.00","45337"
"2014/03/12 03:38:57","6364","0","444","8363m","2.3g","795.00","45336"
"2014/03/12 03:38:59","6364","0","444","8363m","2.3g","791.00","45337"
"2014/03/12 03:39:00","6364","0","444","8363m","2.3g","797.00","45337"
"2014/03/12 03:39:02","6364","0","444","8363m","2.3g","793.00","45336"
"2014/03/12 03:39:03","6364","0","444","8363m","2.3g","795.00","45337"
"2014/03/12 03:39:05","6364","0","444","8363m","2.3g","795.00","45336"
"2014/03/12 03:39:07","6364","0","444","8363m","2.3g","789.00","45335"
"2014/03/12 03:39:08","6364","0","444","8363m","2.3g","795.00","45337"
"2014/03/12 03:39:10","6364","0","444","8363m","2.3g","792.00","45335"
"2014/03/12 03:39:11","6364","0","444","8363m","2.3g","795.00","45337"
"2014/03/12 03:39:13","6364","0","444","8363m","2.3g","797.00","45337"
"2014/03/12 03:39:14","6364","0","444","8363m","2.3g","791.00","45336"
"2014/03/12 03:39:16","6364","0","444","8363m","2.3g","796.00","45335"
"2014/03/12 03:39:17","6364","0","444","8363m","2.3g","792.00","45335"
"2014/03/12 03:39:19","6364","0","444","8363m","2.3g","797.00","45337"
"2014/03/12 03:39:20","6364","0","444","8363m","2.3g","793.00","45336"
"2014/03/12 03:39:22","6364","0","444","8363m","2.3g","792.00","45335"
"2014/03/12 03:39:23","6364","0","444","8363m","2.3g","795.00","45335"
"2014/03/12 03:39:25","6364","0","444","8363m","2.3g","794.00","45335"
"2014/03/12 03:39:27","6364","0","444","8363m","2.3g","793.00","45334"
"2014/03/12 03:39:28","6364","0","444","8363m","2.3g","796.00","45335"
"2014/03/12 03:39:30","6364","0","444","8363m","2.3g","792.00","45335"
"2014/03/12 03:39:31","6364","0","444","8363m","2.3g","791.00","45335"
"2014/03/12 03:39:33","6364","0","444","8363m","2.3g","793.00","45334"
"2014/03/12 03:39:34","6364","0","444","8363m","2.3g","792.00","45335"
"2014/03/12 03:39:36","6364","0","444","8363m","2.3g","793.00","45334"
"2014/03/12 03:39:37","6364","0","444","8363m","2.3g","721.00","45335"
"2014/03/12 03:39:39","6364","0","444","8363m","2.3g","790.00","45335"
"2014/03/12 03:39:40","6364","0","444","8363m","2.3g","797.00","45335"
"2014/03/12 03:39:42","6364","0","444","8363m","2.3g","795.00","45335"
"2014/03/12 03:39:43","6364","0","444","8363m","2.3g","791.00","45335"
"2014/03/12 03:39:45","6364","0","444","8363m","2.3g","799.00","45334"
"2014/03/12 03:39:47","6364","0","444","8363m","2.3g","803.00","45334"
"2014/03/12 03:39:48","6364","0","444","8363m","2.3g","797.00","45334"
"2014/03/12 03:39:50","6364","0","444","8363m","2.3g","797.00","45333"
"2014/03/12 03:39:51","6364","0","444","8363m","2.3g","793.00","45334"
"2014/03/12 03:39:53","6364","0","444","8363m","2.3g","797.00","45334"
"2014/03/12 03:39:54","6364","0","444","8363m","2.3g","794.00","45333"
"2014/03/12 03:39:56","6364","0","444","8363m","2.3g","797.00","45333"
"2014/03/12 03:39:57","6364","0","444","8363m","2.3g","791.00","45333"
"2014/03/12 03:39:59","6364","0","444","8363m","2.3g","794.00","45334"
"2014/03/12 03:40:00","6364","0","444","8363m","2.3g","790.00","45334"
"2014/03/12 03:40:02","6364","0","444","8363m","2.3g","789.00","45334"
"2014/03/12 03:40:04","6364","0","444","8363m","2.3g","793.00","45333"
"2014/03/12 03:40:05","6364","0","444","8363m","2.3g","795.00","45333"
"2014/03/12 03:40:07","6364","0","444","8363m","2.3g","795.00","45333"
"2014/03/12 03:40:08","6364","0","444","8363m","2.3g","794.00","45334"
"2014/03/12 03:40:10","6364","0","444","8363m","2.3g","793.00","45334"
"2014/03/12 03:40:11","6364","0","444","8363m","2.3g","796.00","45335"
"2014/03/12 03:40:13","6364","0","444","8363m","2.3g","792.00","45334"
"2014/03/12 03:40:14","6364","0","444","8363m","2.3g","790.00","45333"
"2014/03/12 03:40:16","6364","0","444","8363m","2.3g","791.00","45334"
"2014/03/12 03:40:17","6364","0","444","8363m","2.3g","795.00","45334"
"2014/03/12 03:40:19","6364","0","444","8363m","2.3g","795.00","45334"
"2014/03/12 03:40:20","6364","0","444","8363m","2.3g","793.00","45334"
"2014/03/12 03:40:22","6364","0","444","8363m","2.3g","795.00","45334"
"2014/03/12 03:40:24","6364","0","444","8363m","2.3g","782.00","45333"
"2014/03/12 03:40:25","6364","0","444","8363m","2.3g","801.00","45334"
"2014/03/12 03:40:27","6364","0","444","8363m","2.3g","794.00","45334"
"2014/03/12 03:40:28","6364","0","444","8363m","2.3g","789.00","45331"
"2014/03/12 03:40:30","6364","0","444","8363m","2.3g","794.00","45332"
"2014/03/12 03:40:31","6364","0","444","8363m","2.3g","787.00","45331"
"2014/03/12 03:40:33","6364","0","444","8363m","2.3g","794.00","45331"
"2014/03/12 03:40:34","6364","0","444","8363m","2.3g","795.00","45330"
"2014/03/12 03:40:36","6364","0","444","8363m","2.3g","797.00","45331"
"2014/03/12 03:40:37","6364","0","444","8363m","2.3g","671.00","45331"
"2014/03/12 03:40:39","6364","0","444","8363m","2.3g","797.00","45330"
"2014/03/12 03:40:41","6364","0","444","8363m","2.3g","795.00","45330"
"2014/03/12 03:40:42","6364","0","444","8363m","2.3g","793.00","45331"
"2014/03/12 03:40:44","6364","0","444","8363m","2.3g","796.00","45331"
"2014/03/12 03:40:45","6364","0","444","8363m","2.3g","795.00","45331"
"2014/03/12 03:40:47","6364","0","444","8363m","2.3g","793.00","45330"
"2014/03/12 03:40:48","6364","0","444","8363m","2.3g","797.00","45331"
"2014/03/12 03:40:50","6364","0","444","8363m","2.3g","792.00","45331"
"2014/03/12 03:40:51","6364","0","444","8363m","2.3g","793.00","45331"
"2014/03/12 03:40:53","6364","0","444","8363m","2.3g","794.00","45331"
"2014/03/12 03:40:54","6364","0","444","8363m","2.3g","799.00","45330"
"2014/03/12 03:40:56","6364","0","444","8363m","2.3g","796.00","45329"
"2014/03/12 03:40:57","6364","0","444","8363m","2.3g","787.00","45329"
"2014/03/12 03:40:59","6364","0","444","8363m","2.3g","797.00","45329"
"2014/03/12 03:41:00","6364","0","444","8363m","2.3g","796.00","45326"
"2014/03/12 03:41:02","6364","0","444","8363m","2.3g","789.00","45327"
"2014/03/12 03:41:04","6364","0","444","8363m","2.3g","795.00","45328"
"2014/03/12 03:41:05","6364","0","444","8363m","2.3g","791.00","45327"
"2014/03/12 03:41:07","6364","0","444","8363m","2.3g","795.00","45327"
"2014/03/12 03:41:08","6364","0","444","8363m","2.3g","793.00","45326"
"2014/03/12 03:41:10","6364","0","444","8363m","2.3g","792.00","45327"
"2014/03/12 03:41:11","6364","0","444","8363m","2.3g","795.00","45327"
"2014/03/12 03:41:13","6364","0","444","8363m","2.3g","796.00","45324"
"2014/03/12 03:41:14","6364","0","444","8363m","2.3g","789.00","45324"
"2014/03/12 03:41:16","6364","0","444","8363m","2.3g","791.00","45324"
"2014/03/12 03:41:17","6364","0","444","8363m","2.3g","797.00","45324"
"2014/03/12 03:41:19","6364","0","444","8363m","2.3g","795.00","45324"
"2014/03/12 03:41:21","6364","0","444","8363m","2.3g","799.00","45324"
"2014/03/12 03:41:22","6364","0","444","8363m","2.3g","794.00","45323"
"2014/03/12 03:41:24","6364","0","444","8363m","2.3g","793.00","45323"
"2014/03/12 03:41:25","6364","0","444","8363m","2.3g","792.00","45324"
"2014/03/12 03:41:27","6364","0","444","8363m","2.3g","795.00","45324"
"2014/03/12 03:41:28","6364","0","444","8363m","2.3g","793.00","45324"
"2014/03/12 03:41:30","6364","0","444","8363m","2.3g","790.00","45323"
"2014/03/12 03:41:31","6364","0","444","8363m","2.3g","796.00","45324"
"2014/03/12 03:41:33","6364","0","444","8363m","2.3g","783.00","45318"
"2014/03/12 03:41:34","6364","0","444","8363m","2.3g","793.00","45317"
"2014/03/12 03:41:36","6364","0","444","8363m","2.3g","797.00","45318"
"2014/03/12 03:41:37","6364","0","444","8363m","2.3g","787.00","45317"
"2014/03/12 03:41:39","6364","0","444","8363m","2.3g","797.00","45317"
"2014/03/12 03:41:41","6364","0","444","8363m","2.3g","794.00","45317"
"2014/03/12 03:41:42","6364","0","444","8363m","2.3g","793.00","45318"
"2014/03/12 03:41:44","6364","0","444","8363m","2.3g","795.00","45317"
"2014/03/12 03:41:45","6364","0","444","8363m","2.3g","793.00","45317"
"2014/03/12 03:41:47","6364","0","444","8363m","2.3g","793.00","45315"
"2014/03/12 03:41:48","6364","0","444","8363m","2.3g","799.00","45315"
"2014/03/12 03:41:50","6364","0","444","8363m","2.3g","797.00","45312"
"2014/03/12 03:41:51","6364","0","444","8363m","2.3g","794.00","45312"
"2014/03/12 03:41:53","6364","0","444","8363m","2.3g","793.00","45312"
"2014/03/12 03:41:54","6364","0","444","8363m","2.4g","795.00","45311"
"2014/03/12 03:41:56","6364","0","444","8363m","2.4g","795.00","45311"
"2014/03/12 03:41:57","6364","0","444","8363m","2.4g","792.00","45309"
"2014/03/12 03:41:59","6364","0","444","8363m","2.4g","791.00","45309"
"2014/03/12 03:42:01","6364","0","444","8363m","2.4g","795.00","45310"
"2014/03/12 03:42:02","6364","0","444","8363m","2.4g","793.00","45310"
"2014/03/12 03:42:04","6364","0","444","8363m","2.4g","793.00","45310"
"2014/03/12 03:42:05","6364","0","444","8363m","2.4g","785.00","45309"
"2014/03/12 03:42:07","6364","0","444","8363m","2.4g","794.00","45310"
"2014/03/12 03:42:08","6364","0","444","8363m","2.4g","794.00","45311"
"2014/03/12 03:42:10","6364","0","444","8363m","2.4g","795.00","45309"
"2014/03/12 03:42:11","6364","0","444","8363m","2.4g","794.00","45308"
"2014/03/12 03:42:13","6364","0","444","8363m","2.4g","802.00","45308"
"2014/03/12 03:42:14","6364","0","444","8363m","2.4g","794.00","45308"
"2014/03/12 03:42:16","6364","0","444","8363m","2.4g","795.00","45305"
"2014/03/12 03:42:17","6364","0","444","8363m","2.4g","793.00","45306"
"2014/03/12 03:42:19","6364","0","444","8363m","2.4g","790.00","45305"
"2014/03/12 03:42:21","6364","0","444","8363m","2.4g","797.00","45305"
"2014/03/12 03:42:22","6364","0","444","8363m","2.4g","793.00","45304"
"2014/03/12 03:42:24","6364","0","444","8363m","2.4g","792.00","45304"
"2014/03/12 03:42:25","6364","0","444","8363m","2.4g","789.00","45303"
"2014/03/12 03:42:27","6364","0","444","8363m","2.4g","797.00","45304"
"2014/03/12 03:42:28","6364","0","444","8363m","2.4g","794.00","45304"
"2014/03/12 03:42:30","6364","0","444","8363m","2.4g","793.00","45304"
"2014/03/12 03:42:31","6364","0","444","8363m","2.4g","791.00","45303"
"2014/03/12 03:42:33","6364","0","444","8363m","2.4g","795.00","45304"
"2014/03/12 03:42:34","6364","0","444","8363m","2.4g","792.00","45303"
"2014/03/12 03:42:36","6364","0","444","8363m","2.4g","799.00","45301"
"2014/03/12 03:42:38","6364","0","444","8363m","2.4g","791.00","45301"
"2014/03/12 03:42:39","6364","0","444","8363m","2.4g","793.00","45303"
"2014/03/12 03:42:41","6364","0","444","8363m","2.4g","790.00","45303"
"2014/03/12 03:42:42","6364","0","444","8363m","2.4g","791.00","45302"
"2014/03/12 03:42:44","6364","0","444","8363m","2.4g","792.00","45302"
"2014/03/12 03:42:45","6364","0","444","8363m","2.4g","794.00","45302"
"2014/03/12 03:42:47","6364","0","444","8363m","2.4g","797.00","45300"
"2014/03/12 03:42:48","6364","0","444","8363m","2.4g","797.00","45300"
"2014/03/12 03:42:50","6364","0","444","8363m","2.4g","791.00","45300"
"2014/03/12 03:42:51","6364","0","444","8363m","2.4g","797.00","45300"
"2014/03/12 03:42:53","6364","0","444","8363m","2.4g","793.00","45298"
"2014/03/12 03:42:55","6364","0","444","8363m","2.4g","791.00","45297"
"2014/03/12 03:42:56","6364","0","444","8363m","2.4g","792.00","45298"
"2014/03/12 03:42:58","6364","0","444","8363m","2.4g","793.00","45299"
"2014/03/12 03:42:59","6364","0","444","8363m","2.4g","791.00","45296"
"2014/03/12 03:43:01","6364","0","444","8363m","2.4g","796.00","45293"
"2014/03/12 03:43:02","6364","0","444","8363m","2.4g","797.00","45292"
"2014/03/12 03:43:04","6364","0","444","8363m","2.4g","790.00","45291"
"2014/03/12 03:43:05","6364","0","444","8363m","2.4g","797.00","45292"
"2014/03/12 03:43:07","6364","0","444","8363m","2.4g","795.00","45292"
"2014/03/12 03:43:08","6364","0","444","8363m","2.4g","791.00","45284"
"2014/03/12 03:43:10","6364","0","444","8363m","2.4g","792.00","45285"
"2014/03/12 03:43:11","6364","0","444","8363m","2.4g","795.00","45285"
"2014/03/12 03:43:13","6364","0","444","8363m","2.4g","796.00","45282"
"2014/03/12 03:43:15","6364","0","444","8363m","2.4g","791.00","45282"
"2014/03/12 03:43:16","6364","0","444","8363m","2.4g","795.00","45283"
"2014/03/12 03:43:18","6364","0","444","8363m","2.4g","791.00","45282"
"2014/03/12 03:43:19","6364","0","444","8363m","2.4g","797.00","45283"
"2014/03/12 03:43:21","6364","0","444","8363m","2.4g","792.00","45282"
"2014/03/12 03:43:22","6364","0","444","8363m","2.4g","791.00","45282"
"2014/03/12 03:43:24","6364","0","444","8363m","2.4g","793.00","45282"
"2014/03/12 03:43:25","6364","0","444","8363m","2.4g","795.00","45280"
"2014/03/12 03:43:27","6364","0","444","8363m","2.4g","796.00","45281"
"2014/03/12 03:43:28","6364","0","444","8363m","2.4g","796.00","45281"
"2014/03/12 03:43:30","6364","0","444","8363m","2.4g","794.00","45280"
"2014/03/12 03:43:32","6364","0","444","8363m","2.4g","792.00","45280"
"2014/03/12 03:43:33","6364","0","444","8363m","2.4g","798.00","45280"
"2014/03/12 03:43:35","6364","0","444","8363m","2.4g","805.00","45275"
"2014/03/12 03:43:36","6364","0","444","8363m","2.4g","792.00","45275"
"2014/03/12 03:43:38","6364","0","444","8363m","2.4g","719.00","45275"
"2014/03/12 03:43:39","6364","0","444","8363m","2.4g","792.00","45276"
"2014/03/12 03:43:41","6364","0","444","8363m","2.4g","797.00","45275"
"2014/03/12 03:43:42","6364","0","444","8363m","2.4g","796.00","45275"
"2014/03/12 03:43:44","6364","0","444","8363m","2.4g","789.00","45274"
"2014/03/12 03:43:45","6364","0","444","8363m","2.4g","801.00","45275"
"2014/03/12 03:43:47","6364","0","444","8363m","2.4g","795.00","45275"
"2014/03/12 03:43:48","6364","0","444","8363m","2.4g","800.00","45275"
"2014/03/12 03:43:50","6364","0","444","8363m","2.4g","793.00","45275"
"2014/03/12 03:43:52","6364","0","444","8363m","2.4g","795.00","45274"
"2014/03/12 03:43:53","6364","0","444","8363m","2.4g","797.00","45275"
"2014/03/12 03:43:55","6364","0","444","8363m","2.4g","795.00","45276"
"2014/03/12 03:43:56","6364","0","444","8363m","2.4g","797.00","45275"
"2014/03/12 03:43:58","6364","0","444","8363m","2.4g","791.00","45277"
"2014/03/12 03:43:59","6364","0","444","8363m","2.4g","793.00","45276"
"2014/03/12 03:44:01","6364","0","444","8363m","2.4g","797.00","45275"
"2014/03/12 03:44:02","6364","0","444","8363m","2.4g","795.00","45276"
"2014/03/12 03:44:04","6364","0","444","8363m","2.4g","795.00","45275"
"2014/03/12 03:44:05","6364","0","444","8363m","2.4g","795.00","45274"
"2014/03/12 03:44:07","6364","0","444","8363m","2.4g","792.00","45276"
"2014/03/12 03:44:08","6364","0","444","8363m","2.4g","797.00","45275"
"2014/03/12 03:44:10","6364","0","444","8363m","2.4g","793.00","45276"
"2014/03/12 03:44:12","6364","0","444","8363m","2.4g","797.00","45275"
"2014/03/12 03:44:13","6364","0","444","8363m","2.4g","797.00","45274"
"2014/03/12 03:44:15","6364","0","444","8363m","2.4g","794.00","45276"
"2014/03/12 03:44:16","6364","0","444","8363m","2.4g","789.00","45275"
"2014/03/12 03:44:18","6364","0","444","8363m","2.4g","795.00","45276"
"2014/03/12 03:44:19","6364","0","444","8363m","2.4g","795.00","45276"
"2014/03/12 03:44:21","6364","0","444","8363m","2.4g","792.00","45276"
"2014/03/12 03:44:22","6364","0","444","8363m","2.4g","794.00","45276"
"2014/03/12 03:44:24","6364","0","444","8363m","2.4g","793.00","45276"
"2014/03/12 03:44:25","6364","0","444","8363m","2.4g","789.00","45275"
"2014/03/12 03:44:27","6364","0","444","8363m","2.4g","797.00","45276"
"2014/03/12 03:44:29","6364","0","444","8363m","2.4g","798.00","45276"
"2014/03/12 03:44:30","6364","0","444","8363m","2.4g","791.00","45277"
"2014/03/12 03:44:32","6364","0","444","8363m","2.4g","795.00","45275"
"2014/03/12 03:44:33","6364","0","444","8363m","2.4g","791.00","45276"
"2014/03/12 03:44:35","6364","0","444","8363m","2.4g","795.00","45276"
"2014/03/12 03:44:36","6364","0","444","8363m","2.4g","798.00","45277"
"2014/03/12 03:44:38","6364","0","444","8363m","2.4g","795.00","45276"
"2014/03/12 03:44:39","6364","0","444","8363m","2.4g","793.00","45276"
"2014/03/12 03:44:41","6364","0","444","8363m","2.4g","799.00","45276"
"2014/03/12 03:44:42","6364","0","444","8363m","2.4g","793.00","45274"
"2014/03/12 03:44:44","6364","0","444","8363m","2.4g","794.00","45275"
"2014/03/12 03:44:45","6364","0","444","8363m","2.4g","796.00","45276"
"2014/03/12 03:44:47","6364","0","444","8363m","2.4g","790.00","45276"
"2014/03/12 03:44:49","6364","0","444","8363m","2.4g","795.00","45274"
"2014/03/12 03:44:50","6364","0","444","8363m","2.4g","793.00","45276"
"2014/03/12 03:44:52","6364","0","444","8363m","2.4g","797.00","45276"
"2014/03/12 03:44:53","6364","0","444","8363m","2.4g","796.00","45275"
"2014/03/12 03:44:55","6364","0","444","8363m","2.4g","797.00","45276"
"2014/03/12 03:44:56","6364","0","444","8363m","2.4g","792.00","45276"
"2014/03/12 03:44:58","6364","0","444","8363m","2.4g","795.00","45276"
"2014/03/12 03:44:59","6364","0","444","8363m","2.4g","789.00","45276"
"2014/03/12 03:45:01","6364","0","444","8363m","2.4g","793.00","45277"
"2014/03/12 03:45:02","6364","0","444","8363m","2.4g","794.00","45276"
"2014/03/12 03:45:04","6364","0","444","8331m","2.4g","797.00","45277"
"2014/03/12 03:45:05","6364","0","444","8363m","2.4g","791.00","45277"
"2014/03/12 03:45:07","6364","0","444","8363m","2.4g","788.00","45275"
"2014/03/12 03:45:09","6364","0","444","8363m","2.4g","795.00","45277"
"2014/03/12 03:45:10","6364","0","444","8363m","2.4g","793.00","45277"
"2014/03/12 03:45:12","6364","0","444","8363m","2.4g","795.00","45276"
"2014/03/12 03:45:13","6364","0","444","8363m","2.4g","795.00","45276"
"2014/03/12 03:45:15","6364","0","444","8363m","2.4g","796.00","45276"
"2014/03/12 03:45:16","6364","0","444","8363m","2.4g","795.00","45276"
"2014/03/12 03:45:18","6364","0","444","8363m","2.4g","794.00","45278"
"2014/03/12 03:45:19","6364","0","444","8363m","2.4g","794.00","45278"
"2014/03/12 03:45:21","6364","0","444","8363m","2.4g","793.00","45277"
"2014/03/12 03:45:22","6364","0","444","8363m","2.4g","721.00","45277"
"2014/03/12 03:45:24","6364","0","444","8363m","2.4g","793.00","45276"
"2014/03/12 03:45:26","6364","0","444","8363m","2.4g","798.00","45277"
"2014/03/12 03:45:27","6364","0","444","8363m","2.4g","797.00","45277"
"2014/03/12 03:45:29","6364","0","444","8363m","2.4g","789.00","45277"
"2014/03/12 03:45:30","6364","0","444","8363m","2.4g","797.00","45276"
"2014/03/12 03:45:32","6364","0","444","8363m","2.4g","793.00","45276"
"2014/03/12 03:45:33","6364","0","444","8363m","2.4g","798.00","45278"
"2014/03/12 03:45:35","6364","0","444","8363m","2.4g","792.00","45277"
"2014/03/12 03:45:36","6364","0","444","8363m","2.4g","793.00","45276"
"2014/03/12 03:45:38","6364","0","444","8363m","2.4g","765.00","45276"
"2014/03/12 03:45:39","6364","0","444","8363m","2.4g","791.00","45276"
"2014/03/12 03:45:41","6364","0","444","8363m","2.4g","794.00","45276"
"2014/03/12 03:45:42","6364","0","444","8363m","2.4g","792.00","45276"
"2014/03/12 03:45:44","6364","0","444","8363m","2.4g","793.00","45275"
"2014/03/12 03:45:46","6364","0","444","8363m","2.4g","791.00","45276"
"2014/03/12 03:45:47","6364","0","444","8363m","2.4g","795.00","45275"
"2014/03/12 03:45:49","6364","0","444","8363m","2.4g","794.00","45276"
"2014/03/12 03:45:50","6364","0","444","8363m","2.4g","794.00","45276"
"2014/03/12 03:45:52","6364","0","444","8363m","2.4g","795.00","45277"
"2014/03/12 03:45:53","6364","0","444","8363m","2.4g","792.00","45277"
"2014/03/12 03:45:55","6364","0","444","8363m","2.4g","797.00","45277"
"2014/03/12 03:45:56","6364","0","444","8363m","2.4g","795.00","45277"
"2014/03/12 03:45:58","6364","0","444","8363m","2.4g","791.00","45277"
"2014/03/12 03:45:59","6364","0","444","8363m","2.4g","800.00","45277"
"2014/03/12 03:46:01","6364","0","444","8363m","2.4g","791.00","45277"
"2014/03/12 03:46:02","6364","0","444","8363m","2.4g","793.00","45276"
"2014/03/12 03:46:04","6364","0","444","8363m","2.4g","793.00","45277"
"2014/03/12 03:46:06","6364","0","444","8363m","2.4g","797.00","45276"
"2014/03/12 03:46:07","6364","0","444","8363m","2.4g","793.00","45276"
"2014/03/12 03:46:09","6364","0","444","8363m","2.4g","793.00","45277"
"2014/03/12 03:46:10","6364","0","444","8363m","2.4g","793.00","45277"
"2014/03/12 03:46:12","6364","0","444","8363m","2.4g","795.00","45277"
"2014/03/12 03:46:13","6364","0","444","8363m","2.4g","798.00","45277"
"2014/03/12 03:46:15","6364","0","444","8363m","2.4g","790.00","45276"
"2014/03/12 03:46:16","6364","0","444","8363m","2.4g","795.00","45276"
"2014/03/12 03:46:18","6364","0","444","8363m","2.4g","790.00","45276"
"2014/03/12 03:46:19","6364","0","444","8363m","2.4g","794.00","45276"
"2014/03/12 03:46:21","6364","0","444","8363m","2.4g","794.00","45276"
"2014/03/12 03:46:23","6364","0","444","8363m","2.4g","793.00","45277"
"2014/03/12 03:46:24","6364","0","444","8363m","2.4g","795.00","45276"
"2014/03/12 03:46:26","6364","0","444","8363m","2.4g","793.00","45277"
"2014/03/12 03:46:27","6364","0","444","8363m","2.4g","793.00","45277"
"2014/03/12 03:46:29","6364","0","444","8363m","2.4g","793.00","45277"
"2014/03/12 03:46:30","6364","0","444","8363m","2.4g","788.00","45277"
"2014/03/12 03:46:32","6364","0","444","8363m","2.4g","795.00","45277"
"2014/03/12 03:46:33","6364","0","444","8363m","2.4g","797.00","45278"
"2014/03/12 03:46:35","6364","0","444","8363m","2.4g","795.00","45278"
"2014/03/12 03:46:36","6364","0","444","8363m","2.4g","793.00","45278"
"2014/03/12 03:46:38","6364","0","444","8363m","2.4g","793.00","45277"
"2014/03/12 03:46:39","6364","0","444","8363m","2.4g","793.00","45278"
"2014/03/12 03:46:41","6364","0","444","8363m","2.4g","799.00","45278"
"2014/03/12 03:46:43","6364","0","444","8363m","2.4g","797.00","45279"
"2014/03/12 03:46:44","6364","0","444","8363m","2.4g","793.00","45279"
"2014/03/12 03:46:46","6364","0","444","8363m","2.4g","797.00","45279"
"2014/03/12 03:46:47","6364","0","444","8363m","2.4g","794.00","45279"
"2014/03/12 03:46:49","6364","0","444","8363m","2.4g","795.00","45278"
"2014/03/12 03:46:50","6364","0","444","8363m","2.4g","793.00","45278"
"2014/03/12 03:46:52","6364","0","444","8363m","2.4g","791.00","45278"
"2014/03/12 03:46:53","6364","0","444","8363m","2.4g","795.00","45278"
"2014/03/12 03:46:55","6364","0","444","8363m","2.4g","795.00","45278"
"2014/03/12 03:46:56","6364","0","444","8363m","2.4g","794.00","45276"
"2014/03/12 03:46:58","6364","0","444","8363m","2.4g","794.00","45277"
"2014/03/12 03:46:59","6364","0","444","8363m","2.4g","792.00","45274"
"2014/03/12 03:47:01","6364","0","444","8363m","2.4g","781.00","45275"
"2014/03/12 03:47:03","6364","0","444","8363m","2.4g","793.00","45274"
"2014/03/12 03:47:04","6364","0","444","8363m","2.4g","797.00","45275"
"2014/03/12 03:47:06","6364","0","444","8363m","2.4g","794.00","45275"
"2014/03/12 03:47:07","6364","0","444","8363m","2.4g","790.00","45276"
"2014/03/12 03:47:09","6364","0","444","8363m","2.4g","796.00","45276"
"2014/03/12 03:47:10","6364","0","444","8363m","2.4g","790.00","45275"
"2014/03/12 03:47:12","6364","0","444","8363m","2.4g","797.00","45274"
"2014/03/12 03:47:13","6364","0","444","8363m","2.4g","792.00","45275"
"2014/03/12 03:47:15","6364","0","444","8363m","2.4g","795.00","45275"
"2014/03/12 03:47:16","6364","0","444","8363m","2.4g","796.00","45275"
"2014/03/12 03:47:18","6364","0","444","8363m","2.4g","789.00","45275"
"2014/03/12 03:47:20","6364","0","444","8363m","2.4g","795.00","45271"
"2014/03/12 03:47:21","6364","0","444","8363m","2.4g","794.00","45273"
"2014/03/12 03:47:23","6364","0","444","8363m","2.4g","799.00","45273"
"2014/03/12 03:47:24","6364","0","444","8363m","2.4g","791.00","45274"
"2014/03/12 03:47:26","6364","0","444","8363m","2.4g","791.00","45273"
"2014/03/12 03:47:27","6364","0","444","8363m","2.4g","798.00","45273"
"2014/03/12 03:47:29","6364","0","444","8363m","2.4g","796.00","45273"
"2014/03/12 03:47:30","6364","0","444","8363m","2.4g","789.00","45271"
"2014/03/12 03:47:32","6364","0","444","8363m","2.4g","797.00","45272"
"2014/03/12 03:47:33","6364","0","444","8363m","2.4g","795.00","45271"
"2014/03/12 03:47:35","6364","0","444","8363m","2.4g","793.00","45271"
"2014/03/12 03:47:36","6364","0","444","8363m","2.4g","797.00","45271"
"2014/03/12 03:47:38","6364","0","444","8363m","2.4g","795.00","45271"
"2014/03/12 03:47:40","6364","0","444","8363m","2.4g","791.00","45271"
"2014/03/12 03:47:41","6364","0","444","8363m","2.4g","794.00","45267"
"2014/03/12 03:47:43","6364","0","444","8363m","2.4g","795.00","45267"
"2014/03/12 03:47:44","6364","0","444","8363m","2.4g","800.00","45265"
"2014/03/12 03:47:46","6364","0","444","8363m","2.4g","795.00","45266"
"2014/03/12 03:47:47","6364","0","444","8363m","2.4g","793.00","45266"
"2014/03/12 03:47:49","6364","0","444","8363m","2.4g","794.00","45266"
"2014/03/12 03:47:50","6364","0","444","8363m","2.4g","797.00","45266"
"2014/03/12 03:47:52","6364","0","444","8363m","2.4g","792.00","45266"
"2014/03/12 03:47:53","6364","0","444","8363m","2.4g","793.00","45265"
"2014/03/12 03:47:55","6364","0","444","8363m","2.4g","808.00","45265"
"2014/03/12 03:47:57","6364","0","444","8363m","2.4g","803.00","45265"
"2014/03/12 03:47:58","6364","0","444","8363m","2.4g","796.00","45264"
"2014/03/12 03:48:00","6364","0","444","8363m","2.4g","795.00","45264"
"2014/03/12 03:48:01","6364","0","444","8363m","2.4g","797.00","45264"
"2014/03/12 03:48:03","6364","0","444","8363m","2.4g","797.00","45265"
"2014/03/12 03:48:04","6364","0","444","8363m","2.4g","791.00","45265"
"2014/03/12 03:48:06","6364","0","444","8363m","2.4g","793.00","45265"
"2014/03/12 03:48:07","6364","0","444","8363m","2.4g","792.00","45265"
"2014/03/12 03:48:09","6364","0","444","8363m","2.4g","795.00","45264"
"2014/03/12 03:48:10","6364","0","444","8363m","2.4g","789.00","45264"
"2014/03/12 03:48:12","6364","0","444","8363m","2.4g","793.00","45264"
"2014/03/12 03:48:13","6364","0","444","8363m","2.4g","794.00","45264"
"2014/03/12 03:48:15","6364","0","444","8363m","2.4g","781.00","45264"
"2014/03/12 03:48:17","6364","0","444","8363m","2.4g","794.00","45264"
"2014/03/12 03:48:18","6364","0","444","8363m","2.4g","795.00","45264"
"2014/03/12 03:48:20","6364","0","444","8363m","2.4g","800.00","45264"
"2014/03/12 03:48:21","6364","0","444","8363m","2.4g","796.00","45265"
"2014/03/12 03:48:23","6364","0","444","8363m","2.4g","793.00","45264"
"2014/03/12 03:48:24","6364","0","444","8363m","2.4g","793.00","45264"
"2014/03/12 03:48:26","6364","0","444","8363m","2.4g","795.00","45265"
"2014/03/12 03:48:27","6364","0","444","8363m","2.4g","793.00","45264"
"2014/03/12 03:48:29","6364","0","444","8363m","2.4g","795.00","45265"
"2014/03/12 03:48:30","6364","0","444","8363m","2.4g","793.00","45265"
"2014/03/12 03:48:32","6364","0","444","8363m","2.4g","796.00","45265"
"2014/03/12 03:48:34","6364","0","444","8363m","2.4g","803.00","45264"
"2014/03/12 03:48:35","6364","0","444","8363m","2.4g","795.00","45266"
"2014/03/12 03:48:37","6364","0","444","8363m","2.4g","797.00","45264"
"2014/03/12 03:48:38","6364","0","444","8363m","2.4g","791.00","45263"
"2014/03/12 03:48:40","6364","0","444","8363m","2.4g","795.00","45263"
"2014/03/12 03:48:41","6364","0","444","8363m","2.4g","795.00","45264"
"2014/03/12 03:48:43","6364","0","444","8363m","2.4g","763.00","45264"
"2014/03/12 03:48:44","6364","0","444","8363m","2.4g","327.00","45264"
"2014/03/12 03:48:46","6364","0","444","8363m","2.4g","0.00","45275"
