\Process(iss)\ID Process,,,,,,,,,
\Process(iss)\Handle Count,,,,,,,,,
\Process(iss)\Thread count,,,,,,,,,
\Process(iss)\VIRT,,,,,,,,,
\Process(iss)\RES,,,,,,,,,
\Process(iss)\% Processor Time,,,,,,,,,
Time,ID Process,Handle Count,Thread count,VIRT,RES,% Processor Time,free M,io-read,io-write
2014/3/12 17:38,17664,0,245,4692m,464m,0,47286,,
2014/3/12 17:38,17664,0,0,,,47641,0,,
2014/3/12 17:38,18532,0,444,6167m,384m,174,47356,,
2014/3/12 17:38,18532,0,444,6179m,396m,110,47342,,
2014/3/12 17:38,18532,0,444,6237m,430m,140,47309,,
2014/3/12 17:38,18532,0,444,6266m,486m,114,47250,,
2014/3/12 17:38,18532,0,444,6323m,527m,90,47207,,
2014/3/12 17:38,18532,0,444,6378m,601m,104,47134,,
2014/3/12 17:38,18532,0,444,6421m,654m,100,47082,,
2014/3/12 17:38,18532,0,444,6476m,719m,100,47016,,
2014/3/12 17:38,18532,0,444,6547m,775m,122,46959,,
2014/3/12 17:38,18532,0,444,6610m,838m,94,46896,,
2014/3/12 17:38,18532,0,444,6665m,896m,112,46838,,
2014/3/12 17:38,18532,0,444,6729m,963m,94,46770,,
2014/3/12 17:38,18532,0,444,6793m,1.0g,100,46705,,
2014/3/12 17:38,18532,0,444,6857m,1.1g,100,46648,,
2014/3/12 17:38,18532,0,444,6912m,1.1g,90,46589,,
2014/3/12 17:38,18532,0,444,6968m,1.2g,96,46520,,
2014/3/12 17:38,18532,0,444,7096m,1.2g,104,46462,,
2014/3/12 17:38,18532,0,444,7207m,1.3g,140,46385,,
2014/3/12 17:38,18532,0,444,7280m,1.4g,98,46310,,
2014/3/12 17:38,18532,0,444,7342m,1.4g,98,46251,,
2014/3/12 17:38,18532,0,444,7406m,1.5g,152,46173,,
2014/3/12 17:38,18532,0,444,7451m,1.6g,96,46124,,
2014/3/12 17:38,18532,0,444,7506m,1.6g,94,46068,,
2014/3/12 17:38,18532,0,444,7570m,1.7g,98,46002,,
2014/3/12 17:38,18532,0,444,7634m,1.7g,94,45945,,
2014/3/12 17:38,18532,0,444,7689m,1.8g,94,45882,,
2014/3/12 17:38,18532,0,444,7743m,1.9g,100,45826,,
2014/3/12 17:38,18532,0,444,7807m,1.9g,92,45767,,
2014/3/12 17:38,18532,0,444,7871m,2.0g,120,45688,,
2014/3/12 17:38,18532,0,444,7935m,2.0g,96,45625,,
2014/3/12 17:38,18532,0,444,7981m,2.1g,98,45576,,
2014/3/12 17:38,18532,0,444,8034m,2.1g,40,45529,,
2014/3/12 17:38,18532,0,444,8080m,2.2g,98,45473,,
2014/3/12 17:39,18532,0,444,8098m,2.2g,90,45462,,
2014/3/12 17:39,18532,0,444,8098m,2.2g,88,45462,,
2014/3/12 17:39,18532,0,444,8163m,2.2g,84,45461,,
2014/3/12 17:39,18532,0,444,8163m,2.2g,92,45462,,
2014/3/12 17:39,18532,0,444,8163m,2.2g,88,45462,,
2014/3/12 17:39,18532,0,444,8163m,2.2g,92,45461,,
2014/3/12 17:39,18532,0,444,8163m,2.2g,96,45460,,
2014/3/12 17:39,18532,0,444,8163m,2.2g,88,45461,,
2014/3/12 17:39,18532,0,444,8164m,2.2g,86,45458,,
2014/3/12 17:39,18532,0,444,8164m,2.2g,88,45459,,
2014/3/12 17:39,18532,0,444,8164m,2.2g,86,45458,,
2014/3/12 17:39,18532,0,444,8164m,2.2g,88,45457,,
2014/3/12 17:39,18532,0,444,8164m,2.2g,80,45458,,
2014/3/12 17:39,18532,0,444,8165m,2.2g,84,45458,,
2014/3/12 17:39,18532,0,444,8165m,2.2g,96,45452,,
2014/3/12 17:39,18532,0,444,8165m,2.2g,108,45457,,
2014/3/12 17:39,18532,0,444,8165m,2.2g,90,45456,,
2014/3/12 17:39,18532,0,444,8165m,2.2g,82,45457,,
2014/3/12 17:39,18532,0,444,8165m,2.2g,102,45456,,
2014/3/12 17:39,18532,0,444,8165m,2.2g,98,45456,,
2014/3/12 17:39,18532,0,444,8165m,2.2g,90,45455,,
2014/3/12 17:39,18532,0,444,8165m,2.2g,94,45455,,
2014/3/12 17:39,18532,0,444,8165m,2.2g,94,45454,,
2014/3/12 17:39,18532,0,444,8165m,2.2g,96,45454,,
2014/3/12 17:39,18532,0,444,8165m,2.2g,94,45454,,
2014/3/12 17:39,18532,0,444,8165m,2.2g,90,45456,,
2014/3/12 17:39,18532,0,444,8165m,2.2g,92,45454,,
2014/3/12 17:39,18532,0,444,8165m,2.2g,88,45455,,
2014/3/12 17:39,18532,0,444,8165m,2.2g,88,45455,,
2014/3/12 17:39,18532,0,444,8165m,2.2g,80,45455,,
2014/3/12 17:39,18532,0,444,8166m,2.2g,96,45455,,
2014/3/12 17:39,18532,0,444,8166m,2.2g,86,45455,,
2014/3/12 17:39,18532,0,444,8166m,2.2g,88,45454,,
2014/3/12 17:39,18532,0,444,8166m,2.2g,96,45455,,
2014/3/12 17:39,18532,0,444,8166m,2.2g,92,45454,,
2014/3/12 17:39,18532,0,444,8166m,2.2g,72,45454,,
2014/3/12 17:39,18532,0,444,8166m,2.2g,90,45453,,
2014/3/12 17:39,18532,0,444,8166m,2.2g,96,45454,,
2014/3/12 17:39,18532,0,444,8166m,2.2g,86,45453,,
2014/3/12 17:40,18532,0,444,8166m,2.2g,88,45454,,
2014/3/12 17:40,18532,0,444,8166m,2.2g,90,45454,,
2014/3/12 17:40,18532,0,444,8166m,2.2g,98,45454,,
2014/3/12 17:40,18532,0,444,8230m,2.2g,84,45453,,
2014/3/12 17:40,18532,0,444,8230m,2.2g,90,45455,,
2014/3/12 17:40,18532,0,444,8230m,2.2g,90,45454,,
2014/3/12 17:40,18532,0,444,8230m,2.2g,90,45453,,
2014/3/12 17:40,18532,0,444,8230m,2.2g,92,45454,,
2014/3/12 17:40,18532,0,444,8230m,2.2g,100,45454,,
2014/3/12 17:40,18532,0,444,8230m,2.2g,88,45454,,
2014/3/12 17:40,18532,0,444,8230m,2.2g,92,45454,,
2014/3/12 17:40,18532,0,444,8230m,2.2g,90,45453,,
2014/3/12 17:40,18532,0,444,8230m,2.2g,96,45455,,
2014/3/12 17:40,18532,0,444,8230m,2.2g,90,45453,,
2014/3/12 17:40,18532,0,444,8230m,2.2g,92,45453,,
2014/3/12 17:40,18532,0,444,8230m,2.2g,92,45453,,
2014/3/12 17:40,18532,0,444,8230m,2.2g,88,45454,,
2014/3/12 17:40,18532,0,444,8230m,2.2g,92,45453,,
2014/3/12 17:40,18532,0,444,8230m,2.2g,96,45454,,
2014/3/12 17:40,18532,0,444,8230m,2.2g,98,45453,,
2014/3/12 17:40,18532,0,444,8230m,2.2g,90,45453,,
2014/3/12 17:40,18532,0,444,8230m,2.2g,90,45454,,
2014/3/12 17:40,18532,0,444,8230m,2.2g,98,45453,,
2014/3/12 17:40,18532,0,444,8230m,2.2g,90,45454,,
2014/3/12 17:40,18532,0,444,8230m,2.2g,86,45453,,
2014/3/12 17:40,18532,0,444,8230m,2.2g,96,45453,,
2014/3/12 17:40,18532,0,444,8230m,2.2g,94,45454,,
2014/3/12 17:40,18532,0,444,8230m,2.2g,82,45454,,
2014/3/12 17:40,18532,0,444,8230m,2.2g,90,45454,,
2014/3/12 17:40,18532,0,444,8230m,2.2g,92,45454,,
2014/3/12 17:40,18532,0,444,8230m,2.2g,2,45455,,
2014/3/12 17:40,18532,0,444,8230m,2.2g,18,45453,,
2014/3/12 17:40,18532,0,444,8230m,2.2g,2,45453,,
2014/3/12 17:40,18532,0,444,8230m,2.2g,44,45453,,
2014/3/12 17:40,18532,0,444,8230m,2.2g,96,45453,,
2014/3/12 17:40,18532,0,444,8230m,2.2g,88,45453,,
2014/3/12 17:40,18532,0,444,8230m,2.2g,94,45452,,
2014/3/12 17:40,18532,0,444,8230m,2.2g,92,45454,,
2014/3/12 17:40,18532,0,444,8230m,2.2g,88,45452,,
2014/3/12 17:41,18532,0,444,8230m,2.2g,96,45454,,
2014/3/12 17:41,18532,0,444,8230m,2.2g,92,45453,,
2014/3/12 17:41,18532,0,444,8230m,2.2g,94,45454,,
2014/3/12 17:41,18532,0,444,8230m,2.2g,94,45453,,
2014/3/12 17:41,18532,0,444,8230m,2.2g,86,45454,,
2014/3/12 17:41,18532,0,444,8230m,2.2g,92,45453,,
2014/3/12 17:41,18532,0,444,8230m,2.2g,86,45454,,
2014/3/12 17:41,18532,0,444,8230m,2.2g,92,45453,,
2014/3/12 17:41,18532,0,444,8230m,2.2g,86,45453,,
2014/3/12 17:41,18532,0,444,8230m,2.2g,90,45454,,
2014/3/12 17:41,18532,0,444,8230m,2.2g,92,45454,,
2014/3/12 17:41,18532,0,444,8230m,2.2g,88,45454,,
2014/3/12 17:41,18532,0,444,8230m,2.2g,88,45453,,
2014/3/12 17:41,18532,0,444,8230m,2.2g,94,45453,,
2014/3/12 17:41,18532,0,444,8230m,2.2g,98,45453,,
2014/3/12 17:41,18532,0,444,8230m,2.2g,186,45434,,
2014/3/12 17:41,18532,0,444,8230m,2.2g,92,45445,,
2014/3/12 17:41,18532,0,444,8230m,2.2g,88,45444,,
2014/3/12 17:41,18532,0,444,8230m,2.2g,94,45444,,
2014/3/12 17:41,18532,0,444,8230m,2.2g,90,45444,,
2014/3/12 17:41,18532,0,444,8230m,2.2g,100,45444,,
2014/3/12 17:41,18532,0,444,8230m,2.2g,96,45444,,
2014/3/12 17:41,18532,0,444,8230m,2.2g,90,45445,,
2014/3/12 17:41,18532,0,444,8230m,2.2g,90,45443,,
2014/3/12 17:41,18532,0,444,8230m,2.2g,92,45445,,
2014/3/12 17:41,18532,0,444,8230m,2.2g,92,45444,,
2014/3/12 17:41,18532,0,444,8230m,2.2g,94,45444,,
2014/3/12 17:41,18532,0,444,8230m,2.2g,0,45444,,
2014/3/12 17:41,18532,0,444,8230m,2.2g,90,45444,,
2014/3/12 17:41,18532,0,444,8230m,2.2g,88,45444,,
2014/3/12 17:41,18532,0,444,8230m,2.2g,88,45445,,
2014/3/12 17:41,18532,0,444,8230m,2.2g,92,45444,,
2014/3/12 17:41,18532,0,444,8231m,2.2g,94,45444,,
2014/3/12 17:41,18532,0,444,8231m,2.2g,92,45444,,
2014/3/12 17:41,18532,0,444,8231m,2.2g,90,45443,,
2014/3/12 17:41,18532,0,444,8231m,2.2g,92,45444,,
2014/3/12 17:41,18532,0,444,8231m,2.2g,94,45445,,
2014/3/12 17:41,18532,0,444,8231m,2.2g,86,45444,,
2014/3/12 17:41,18532,0,444,8231m,2.2g,102,45443,,
2014/3/12 17:42,18532,0,444,8231m,2.2g,100,45443,,
2014/3/12 17:42,18532,0,444,8231m,2.2g,88,45444,,
2014/3/12 17:42,18532,0,444,8231m,2.2g,96,45442,,
2014/3/12 17:42,18532,0,444,8231m,2.2g,90,45443,,
2014/3/12 17:42,18532,0,444,8231m,2.2g,92,45443,,
2014/3/12 17:42,18532,0,444,8231m,2.2g,92,45444,,
2014/3/12 17:42,18532,0,444,8231m,2.2g,92,45443,,
2014/3/12 17:42,18532,0,444,8231m,2.2g,92,45444,,
2014/3/12 17:42,18532,0,444,8231m,2.2g,88,45443,,
2014/3/12 17:42,18532,0,444,8231m,2.2g,92,45443,,
2014/3/12 17:42,18532,0,444,8231m,2.2g,96,45443,,
2014/3/12 17:42,18532,0,444,8231m,2.2g,86,45443,,
2014/3/12 17:42,18532,0,444,8231m,2.2g,88,45442,,
2014/3/12 17:42,18532,0,444,8231m,2.2g,92,45443,,
2014/3/12 17:42,18532,0,444,8231m,2.2g,88,45442,,
2014/3/12 17:42,18532,0,444,8231m,2.2g,82,45442,,
2014/3/12 17:42,18532,0,444,8231m,2.2g,90,45442,,
2014/3/12 17:42,18532,0,444,8231m,2.2g,90,45442,,
2014/3/12 17:42,18532,0,444,8231m,2.2g,88,45442,,
2014/3/12 17:42,18532,0,444,8231m,2.2g,92,45442,,
2014/3/12 17:42,18532,0,444,8231m,2.2g,88,45442,,
2014/3/12 17:42,18532,0,444,8231m,2.2g,86,45441,,
2014/3/12 17:42,18532,0,444,8231m,2.2g,86,45442,,
2014/3/12 17:42,18532,0,444,8232m,2.2g,72,45442,,
2014/3/12 17:42,18532,0,444,8232m,2.2g,96,45439,,
2014/3/12 17:42,18532,0,444,8232m,2.2g,86,45440,,
2014/3/12 17:42,18532,0,444,8232m,2.2g,90,45440,,
2014/3/12 17:42,18532,0,444,8232m,2.2g,92,45440,,
2014/3/12 17:42,18532,0,444,8232m,2.2g,92,45440,,
2014/3/12 17:42,18532,0,444,8232m,2.2g,88,45440,,
2014/3/12 17:42,18532,0,444,8232m,2.2g,92,45440,,
2014/3/12 17:42,18532,0,444,8232m,2.2g,92,45440,,
2014/3/12 17:42,18532,0,444,8232m,2.2g,92,45439,,
2014/3/12 17:42,18532,0,444,8232m,2.2g,88,45440,,
2014/3/12 17:42,18532,0,444,8232m,2.2g,90,45439,,
2014/3/12 17:42,18532,0,444,8232m,2.2g,84,45439,,
2014/3/12 17:42,18532,0,444,8232m,2.2g,92,45439,,
2014/3/12 17:42,18532,0,444,8232m,2.2g,96,45440,,
2014/3/12 17:42,18532,0,444,8232m,2.2g,94,45439,,
2014/3/12 17:43,18532,0,444,8232m,2.2g,92,45440,,
2014/3/12 17:43,18532,0,444,8232m,2.2g,88,45439,,
2014/3/12 17:43,18532,0,444,8233m,2.2g,96,45439,,
2014/3/12 17:43,18532,0,444,8233m,2.2g,88,45438,,
2014/3/12 17:43,18532,0,444,8233m,2.2g,94,45439,,
2014/3/12 17:43,18532,0,444,8233m,2.2g,84,45439,,
2014/3/12 17:43,18532,0,444,8233m,2.2g,96,45438,,
2014/3/12 17:43,18532,0,444,8233m,2.2g,96,45439,,
2014/3/12 17:43,18532,0,444,8233m,2.2g,82,45439,,
2014/3/12 17:43,18532,0,444,8233m,2.2g,96,45438,,
2014/3/12 17:43,18532,0,444,8233m,2.2g,90,45438,,
2014/3/12 17:43,18532,0,444,8233m,2.2g,96,45438,,
2014/3/12 17:43,18532,0,444,8233m,2.2g,90,45438,,
2014/3/12 17:43,18532,0,444,8233m,2.2g,96,45439,,
2014/3/12 17:43,18532,0,444,8233m,2.2g,100,45438,,
2014/3/12 17:43,18532,0,444,8233m,2.2g,76,45439,,
2014/3/12 17:43,18532,0,444,8297m,2.2g,84,45440,,
2014/3/12 17:43,18532,0,444,8297m,2.2g,94,45438,,
2014/3/12 17:43,18532,0,444,8297m,2.2g,90,45439,,
2014/3/12 17:43,18532,0,444,8297m,2.2g,90,45439,,
2014/3/12 17:43,18532,0,444,8297m,2.2g,80,45439,,
2014/3/12 17:43,18532,0,444,8297m,2.2g,86,45439,,
2014/3/12 17:43,18532,0,444,8297m,2.2g,86,45439,,
2014/3/12 17:43,18532,0,444,8297m,2.2g,92,45439,,
2014/3/12 17:43,18532,0,444,8298m,2.2g,86,45439,,
2014/3/12 17:43,18532,0,444,8298m,2.2g,96,45438,,
2014/3/12 17:43,18532,0,444,8298m,2.2g,94,45439,,
2014/3/12 17:43,18532,0,444,8298m,2.2g,94,45439,,
2014/3/12 17:43,18532,0,444,8298m,2.2g,88,45438,,
2014/3/12 17:43,18532,0,444,8298m,2.2g,94,45435,,
2014/3/12 17:43,18532,0,444,8298m,2.2g,88,45435,,
2014/3/12 17:43,18532,0,444,8298m,2.2g,92,45435,,
2014/3/12 17:43,18532,0,444,8298m,2.2g,88,45436,,
2014/3/12 17:43,18532,0,444,8298m,2.2g,78,45435,,
2014/3/12 17:43,18532,0,444,8298m,2.2g,94,45436,,
2014/3/12 17:43,18532,0,444,8298m,2.2g,98,45436,,
2014/3/12 17:43,18532,0,444,8298m,2.2g,90,45436,,
2014/3/12 17:43,18532,0,444,8298m,2.2g,86,45436,,
2014/3/12 17:43,18532,0,444,8298m,2.2g,90,45437,,
2014/3/12 17:44,18532,0,444,8298m,2.2g,94,45436,,
2014/3/12 17:44,18532,0,444,8298m,2.2g,92,45435,,
2014/3/12 17:44,18532,0,444,8298m,2.2g,96,45436,,
2014/3/12 17:44,18532,0,444,8298m,2.2g,90,45436,,
2014/3/12 17:44,18532,0,444,8298m,2.2g,90,45435,,
2014/3/12 17:44,18532,0,444,8298m,2.2g,88,45436,,
2014/3/12 17:44,18532,0,444,8298m,2.2g,96,45436,,
2014/3/12 17:44,18532,0,444,8298m,2.2g,90,45436,,
2014/3/12 17:44,18532,0,444,8298m,2.2g,92,45437,,
2014/3/12 17:44,18532,0,444,8298m,2.2g,96,45435,,
2014/3/12 17:44,18532,0,444,8298m,2.2g,88,45436,,
2014/3/12 17:44,18532,0,444,8298m,2.2g,90,45436,,
2014/3/12 17:44,18532,0,444,8298m,2.2g,92,45435,,
2014/3/12 17:44,18532,0,444,8298m,2.2g,92,45436,,
2014/3/12 17:44,18532,0,444,8298m,2.2g,100,45434,,
2014/3/12 17:44,18532,0,444,8298m,2.2g,92,45435,,
2014/3/12 17:44,18532,0,444,8298m,2.2g,92,45435,,
2014/3/12 17:44,18532,0,444,8298m,2.2g,92,45435,,
2014/3/12 17:44,18532,0,444,8298m,2.2g,90,45434,,
2014/3/12 17:44,18532,0,444,8298m,2.2g,86,45436,,
2014/3/12 17:44,18532,0,444,8298m,2.2g,82,45435,,
2014/3/12 17:44,18532,0,444,8298m,2.2g,88,45435,,
2014/3/12 17:44,18532,0,444,8298m,2.2g,94,45434,,
2014/3/12 17:44,18532,0,444,8298m,2.2g,84,45436,,
2014/3/12 17:44,18532,0,444,8298m,2.2g,92,45434,,
2014/3/12 17:44,18532,0,444,8298m,2.2g,94,45434,,
2014/3/12 17:44,18532,0,444,8298m,2.2g,94,45435,,
2014/3/12 17:44,18532,0,444,8298m,2.2g,90,45434,,
2014/3/12 17:44,18532,0,444,8298m,2.2g,86,45435,,
2014/3/12 17:44,18532,0,444,8298m,2.2g,90,45433,,
2014/3/12 17:44,18532,0,444,8298m,2.2g,94,45434,,
2014/3/12 17:44,18532,0,444,8298m,2.2g,92,45435,,
2014/3/12 17:44,18532,0,444,8298m,2.2g,94,45435,,
2014/3/12 17:44,18532,0,444,8298m,2.2g,84,45435,,
2014/3/12 17:44,18532,0,444,8298m,2.2g,94,45435,,
2014/3/12 17:44,18532,0,444,8298m,2.2g,84,45436,,
2014/3/12 17:44,18532,0,444,8298m,2.2g,90,45434,,
2014/3/12 17:44,18532,0,444,8298m,2.2g,94,45435,,
2014/3/12 17:44,18532,0,444,8298m,2.2g,92,45434,,
2014/3/12 17:45,18532,0,444,8298m,2.2g,82,45435,,
2014/3/12 17:45,18532,0,444,8298m,2.2g,88,45434,,
2014/3/12 17:45,18532,0,444,8298m,2.2g,92,45434,,
2014/3/12 17:45,18532,0,444,8298m,2.2g,94,45434,,
2014/3/12 17:45,18532,0,444,8298m,2.2g,96,45435,,
2014/3/12 17:45,18532,0,444,8298m,2.2g,92,45435,,
2014/3/12 17:45,18532,0,444,8298m,2.2g,100,45434,,
2014/3/12 17:45,18532,0,444,8298m,2.2g,96,45434,,
2014/3/12 17:45,18532,0,444,8298m,2.2g,92,45434,,
2014/3/12 17:45,18532,0,444,8298m,2.2g,94,45434,,
2014/3/12 17:45,18532,0,444,8298m,2.2g,90,45434,,
2014/3/12 17:45,18532,0,444,8298m,2.2g,100,45435,,
2014/3/12 17:45,18532,0,444,8298m,2.2g,88,45435,,
2014/3/12 17:45,18532,0,444,8298m,2.2g,86,45435,,
2014/3/12 17:45,18532,0,444,8298m,2.2g,84,45434,,
2014/3/12 17:45,18532,0,444,8298m,2.2g,88,45435,,
2014/3/12 17:45,18532,0,444,8298m,2.2g,90,45434,,
2014/3/12 17:45,18532,0,444,8298m,2.2g,92,45434,,
2014/3/12 17:45,18532,0,444,8298m,2.2g,90,45434,,
2014/3/12 17:45,18532,0,444,8298m,2.2g,92,45435,,
2014/3/12 17:45,18532,0,444,8298m,2.2g,90,45434,,
2014/3/12 17:45,18532,0,444,8298m,2.2g,88,45435,,
2014/3/12 17:45,18532,0,444,8298m,2.2g,90,45434,,
2014/3/12 17:45,18532,0,444,8298m,2.2g,92,45434,,
2014/3/12 17:45,18532,0,444,8298m,2.2g,82,45433,,
2014/3/12 17:45,18532,0,444,8298m,2.2g,86,45433,,
2014/3/12 17:45,18532,0,444,8298m,2.2g,88,45434,,
2014/3/12 17:45,18532,0,444,8298m,2.2g,88,45435,,
2014/3/12 17:45,18532,0,444,8298m,2.2g,92,45434,,
2014/3/12 17:45,18532,0,444,8298m,2.2g,84,45434,,
2014/3/12 17:45,18532,0,444,8298m,2.2g,88,45434,,
2014/3/12 17:45,18532,0,444,8298m,2.2g,96,45434,,
2014/3/12 17:45,18532,0,444,8298m,2.2g,86,45434,,
2014/3/12 17:45,18532,0,444,8298m,2.2g,92,45434,,
2014/3/12 17:45,18532,0,444,8298m,2.2g,96,45433,,
2014/3/12 17:45,18532,0,444,8298m,2.2g,94,45434,,
2014/3/12 17:45,18532,0,444,8298m,2.2g,94,45433,,
2014/3/12 17:45,18532,0,444,8298m,2.2g,88,45433,,
2014/3/12 17:45,18532,0,444,8298m,2.2g,90,45434,,
2014/3/12 17:46,18532,0,444,8298m,2.2g,92,45433,,
2014/3/12 17:46,18532,0,444,8298m,2.2g,90,45433,,
2014/3/12 17:46,18532,0,444,8298m,2.2g,94,45433,,
2014/3/12 17:46,18532,0,444,8298m,2.2g,84,45433,,
2014/3/12 17:46,18532,0,444,8298m,2.2g,94,45434,,
2014/3/12 17:46,18532,0,444,8298m,2.2g,94,45433,,
2014/3/12 17:46,18532,0,444,8298m,2.2g,90,45434,,
2014/3/12 17:46,18532,0,444,8298m,2.2g,88,45434,,
2014/3/12 17:46,18532,0,444,8298m,2.2g,92,45433,,
2014/3/12 17:46,18532,0,444,8298m,2.2g,84,45433,,
2014/3/12 17:46,18532,0,444,8298m,2.2g,92,45434,,
2014/3/12 17:46,18532,0,444,8298m,2.2g,88,45434,,
2014/3/12 17:46,18532,0,444,8298m,2.2g,82,45434,,
2014/3/12 17:46,18532,0,444,8298m,2.2g,2,45433,,
2014/3/12 17:46,18532,0,444,8298m,2.2g,84,45433,,
2014/3/12 17:46,18532,0,444,8298m,2.2g,92,45433,,
2014/3/12 17:46,18532,0,444,8298m,2.2g,90,45434,,
2014/3/12 17:46,18532,0,444,8298m,2.2g,92,45433,,
2014/3/12 17:46,18532,0,444,8298m,2.2g,94,45434,,
2014/3/12 17:46,18532,0,444,8298m,2.2g,94,45434,,
2014/3/12 17:46,18532,0,444,8298m,2.2g,94,45433,,
2014/3/12 17:46,18532,0,444,8298m,2.2g,86,45434,,
2014/3/12 17:46,18532,0,444,8298m,2.2g,94,45433,,
2014/3/12 17:46,18532,0,444,8298m,2.2g,94,45433,,
2014/3/12 17:46,18532,0,444,8298m,2.2g,94,45433,,
2014/3/12 17:46,18532,0,444,8298m,2.2g,88,45433,,
2014/3/12 17:46,18532,0,444,8298m,2.2g,94,45432,,
2014/3/12 17:46,18532,0,444,8298m,2.2g,88,45432,,
2014/3/12 17:46,18532,0,444,8298m,2.2g,90,45434,,
2014/3/12 17:46,18532,0,444,8298m,2.2g,94,45433,,
2014/3/12 17:46,18532,0,444,8298m,2.2g,90,45434,,
2014/3/12 17:46,18532,0,444,8298m,2.2g,92,45433,,
2014/3/12 17:46,18532,0,444,8298m,2.2g,92,45435,,
2014/3/12 17:46,18532,0,444,8298m,2.2g,98,45434,,
2014/3/12 17:46,18532,0,444,8298m,2.2g,98,45433,,
2014/3/12 17:46,18532,0,444,8298m,2.2g,96,45433,,
2014/3/12 17:46,18532,0,444,8298m,2.2g,92,45432,,
2014/3/12 17:46,18532,0,444,8298m,2.2g,88,45433,,
2014/3/12 17:46,18532,0,444,8298m,2.2g,94,45433,,
2014/3/12 17:47,18532,0,444,8298m,2.2g,88,45433,,
2014/3/12 17:47,18532,0,444,8298m,2.2g,82,45433,,
2014/3/12 17:47,18532,0,444,8298m,2.2g,80,45432,,
2014/3/12 17:47,18532,0,444,8298m,2.2g,98,45433,,
2014/3/12 17:47,18532,0,444,8298m,2.2g,84,45432,,
2014/3/12 17:47,18532,0,444,8298m,2.2g,90,45433,,
2014/3/12 17:47,18532,0,444,8298m,2.2g,84,45433,,
2014/3/12 17:47,18532,0,444,8298m,2.2g,94,45434,,
2014/3/12 17:47,18532,0,444,8298m,2.2g,94,45433,,
2014/3/12 17:47,18532,0,444,8298m,2.2g,60,45432,,
2014/3/12 17:47,18532,0,444,8298m,2.2g,94,45433,,
2014/3/12 17:47,18532,0,444,8298m,2.2g,84,45433,,
2014/3/12 17:47,18532,0,444,8298m,2.2g,98,45432,,
2014/3/12 17:47,18532,0,444,8298m,2.2g,90,45433,,
2014/3/12 17:47,18532,0,444,8298m,2.2g,88,45433,,
2014/3/12 17:47,18532,0,444,8298m,2.2g,92,45433,,
2014/3/12 17:47,18532,0,444,8298m,2.2g,96,45433,,
2014/3/12 17:47,18532,0,444,8298m,2.2g,90,45433,,
2014/3/12 17:47,18532,0,444,8298m,2.2g,92,45434,,
2014/3/12 17:47,18532,0,444,8298m,2.2g,86,45433,,
2014/3/12 17:47,18532,0,444,8298m,2.2g,94,45434,,
2014/3/12 17:47,18532,0,444,8298m,2.2g,84,45433,,
2014/3/12 17:47,18532,0,444,8298m,2.2g,92,45433,,
2014/3/12 17:47,18532,0,444,8298m,2.2g,92,45433,,
2014/3/12 17:47,18532,0,444,8298m,2.2g,88,45432,,
2014/3/12 17:47,18532,0,444,8298m,2.2g,84,45433,,
2014/3/12 17:47,18532,0,444,8298m,2.2g,94,45433,,
2014/3/12 17:47,18532,0,444,8298m,2.2g,86,45433,,
2014/3/12 17:47,18532,0,444,8298m,2.2g,98,45433,,
2014/3/12 17:47,18532,0,444,8298m,2.2g,80,45433,,
2014/3/12 17:47,18532,0,444,8298m,2.2g,94,45433,,
2014/3/12 17:47,18532,0,444,8298m,2.2g,82,45433,,
2014/3/12 17:47,18532,0,444,8298m,2.2g,86,45432,,
2014/3/12 17:47,18532,0,444,8298m,2.2g,90,45432,,
2014/3/12 17:47,18532,0,444,8298m,2.2g,92,45433,,
2014/3/12 17:47,18532,0,444,8298m,2.2g,102,45433,,
2014/3/12 17:47,18532,0,444,8298m,2.2g,88,45433,,
2014/3/12 17:47,18532,0,444,8298m,2.2g,84,45434,,
2014/3/12 17:47,18532,0,444,8298m,2.2g,94,45433,,
2014/3/12 17:48,18532,0,444,8298m,2.2g,96,45432,,
2014/3/12 17:48,18532,0,444,8298m,2.2g,96,45431,,
2014/3/12 17:48,18532,0,444,8298m,2.2g,94,45433,,
2014/3/12 17:48,18532,0,444,8298m,2.2g,92,45432,,
2014/3/12 17:48,18532,0,444,8298m,2.2g,92,45433,,
2014/3/12 17:48,18532,0,444,8298m,2.2g,92,45433,,
2014/3/12 17:48,18532,0,444,8298m,2.2g,98,45433,,
2014/3/12 17:48,18532,0,444,8298m,2.2g,86,45433,,
2014/3/12 17:48,18532,0,444,8298m,2.2g,92,45433,,
2014/3/12 17:48,18532,0,444,8298m,2.2g,92,45433,,
2014/3/12 17:48,18532,0,444,8298m,2.2g,86,45433,,
2014/3/12 17:48,18532,0,444,8298m,2.2g,90,45434,,
2014/3/12 17:48,18532,0,444,8298m,2.2g,90,45433,,
2014/3/12 17:48,18532,0,444,8298m,2.2g,88,45433,,
2014/3/12 17:48,18532,0,444,8298m,2.2g,94,45434,,
2014/3/12 17:48,18532,0,444,8298m,2.2g,86,45433,,
2014/3/12 17:48,18532,0,444,8298m,2.2g,86,45433,,
2014/3/12 17:48,18532,0,444,8298m,2.2g,88,45433,,
2014/3/12 17:48,18532,0,444,8298m,2.2g,86,45432,,
2014/3/12 17:48,18532,0,444,8298m,2.2g,90,45432,,
2014/3/12 17:48,18532,0,444,8298m,2.2g,90,45432,,
2014/3/12 17:48,18532,0,444,8298m,2.2g,90,45432,,
2014/3/12 17:48,18532,0,444,8298m,2.2g,90,45432,,
2014/3/12 17:48,18532,0,444,8298m,2.2g,90,45433,,
2014/3/12 17:48,18532,0,444,8298m,2.2g,92,45432,,
2014/3/12 17:48,18532,0,444,8298m,2.2g,84,45432,,
2014/3/12 17:48,18532,0,444,8298m,2.2g,90,45433,,
2014/3/12 17:48,18532,0,444,8298m,2.2g,90,45433,,
2014/3/12 17:48,18532,0,444,8298m,2.2g,92,45432,,
2014/3/12 17:48,18532,0,444,8298m,2.2g,90,45432,,
2014/3/12 17:48,18532,0,444,8298m,2.2g,82,45432,,
2014/3/12 17:48,18532,0,444,8298m,2.2g,92,45432,,
2014/3/12 17:48,18532,0,444,8298m,2.2g,84,45433,,
2014/3/12 17:48,18532,0,444,8298m,2.2g,96,45432,,
2014/3/12 17:48,18532,0,444,8298m,2.2g,88,45432,,
2014/3/12 17:48,18532,0,444,8298m,2.2g,86,45432,,
2014/3/12 17:48,18532,0,444,8298m,2.2g,96,45433,,
2014/3/12 17:48,18532,0,444,8298m,2.2g,92,45431,,
2014/3/12 17:48,18532,0,444,8298m,2.2g,96,45432,,
2014/3/12 17:49,18532,0,444,8298m,2.2g,92,45432,,
2014/3/12 17:49,18532,0,444,8298m,2.2g,88,45433,,
2014/3/12 17:49,18532,0,444,8298m,2.2g,102,45433,,
2014/3/12 17:49,18532,0,444,8298m,2.2g,46,45432,,
2014/3/12 17:49,18532,0,444,8298m,2.2g,88,45433,,
2014/3/12 17:49,18532,0,444,8298m,2.2g,90,45432,,
2014/3/12 17:49,18532,0,444,8298m,2.2g,96,45433,,
2014/3/12 17:49,18532,0,444,8298m,2.2g,94,45433,,
2014/3/12 17:49,18532,0,444,8298m,2.2g,90,45432,,
2014/3/12 17:49,18532,0,444,8298m,2.2g,98,45432,,
2014/3/12 17:49,18532,0,444,8298m,2.2g,94,45432,,
2014/3/12 17:49,18532,0,444,8298m,2.2g,90,45432,,
2014/3/12 17:49,18532,0,444,8298m,2.2g,90,45433,,
2014/3/12 17:49,18532,0,444,8298m,2.2g,88,45433,,
2014/3/12 17:49,18532,0,444,8298m,2.2g,92,45432,,
2014/3/12 17:49,18532,0,444,8298m,2.2g,92,45433,,
2014/3/12 17:49,18532,0,444,8298m,2.2g,90,45432,,
2014/3/12 17:49,18532,0,444,8298m,2.2g,92,45432,,
2014/3/12 17:49,18532,0,444,8298m,2.2g,92,45432,,
2014/3/12 17:49,18532,0,444,8298m,2.2g,86,45433,,
2014/3/12 17:49,18532,0,444,8298m,2.2g,92,45433,,
2014/3/12 17:49,18532,0,444,8298m,2.2g,88,45433,,
2014/3/12 17:49,18532,0,444,8298m,2.2g,92,45432,,
2014/3/12 17:49,18532,0,444,8298m,2.2g,86,45433,,
2014/3/12 17:49,18532,0,444,8298m,2.2g,86,45433,,
2014/3/12 17:49,18532,0,444,8298m,2.2g,92,45433,,
2014/3/12 17:49,18532,0,444,8298m,2.2g,96,45433,,
2014/3/12 17:49,18532,0,444,8298m,2.2g,92,45431,,
2014/3/12 17:49,18532,0,444,8298m,2.2g,90,45433,,
2014/3/12 17:49,18532,0,444,8298m,2.2g,92,45431,,
2014/3/12 17:49,18532,0,444,8298m,2.2g,92,45432,,
2014/3/12 17:49,18532,0,444,8298m,2.2g,86,45432,,
2014/3/12 17:49,18532,0,444,8298m,2.2g,96,45431,,
2014/3/12 17:49,18532,0,444,8298m,2.2g,84,45432,,
2014/3/12 17:49,18532,0,444,8298m,2.2g,100,45433,,
2014/3/12 17:49,18532,0,444,8298m,2.2g,92,45433,,
2014/3/12 17:49,18532,0,444,8298m,2.2g,88,45433,,
2014/3/12 17:49,18532,0,444,8298m,2.2g,100,45433,,
2014/3/12 17:49,18532,0,444,8298m,2.2g,96,45433,,
2014/3/12 17:50,18532,0,444,8298m,2.2g,0,45432,,
2014/3/12 17:50,18532,0,444,8298m,2.2g,26,45432,,
2014/3/12 17:50,18532,0,444,8298m,2.2g,48,45432,,
2014/3/12 17:50,18532,0,444,8298m,2.2g,98,45432,,
2014/3/12 17:50,18532,0,444,8298m,2.2g,92,45432,,
2014/3/12 17:50,18532,0,444,8298m,2.2g,94,45432,,
2014/3/12 17:50,18532,0,444,8298m,2.2g,88,45432,,
2014/3/12 17:50,18532,0,444,8298m,2.2g,92,45433,,
2014/3/12 17:50,18532,0,444,8298m,2.2g,92,45432,,
2014/3/12 17:50,18532,0,444,8298m,2.2g,80,45432,,
2014/3/12 17:50,18532,0,444,8298m,2.2g,96,45431,,
2014/3/12 17:50,18532,0,444,8298m,2.2g,86,45432,,
2014/3/12 17:50,18532,0,444,8298m,2.2g,48,45434,,
